Workbook

Sheet Report_Data
B1: Migration_Batch | C1: Source_System | D1: Page_URL | E1: Error_Type | F1: Severity | G1: Component | H1: Owner | I1: Status | J1: Detected_On | K1: Notes
A2: VAL-0001 | B2: Batch_02 | C2: DAM | D2: https://example.com/gallery/page-001 | E2: INVALID_LAYOUT | F2: High | G2: Gallery | H2: Frontend Team | I2: Resolved | J2: 46177 | K2: Page layout differs from the approved template.
A3: VAL-0002 | B3: Batch_04 | C3: Legacy_CMS | D3: https://example.com/article-page/page-002 | E3: INVALID_LAYOUT | F3: Critical | G3: Article Page | H3: Content Team | I3: Open | J3: 46180 | K3: Page layout differs from the approved template.
A4: VAL-0003 | B4: Batch_04 | C4: DAM | D4: https://example.com/downloads/page-003 | E4: BROKEN_LINK | F4: Medium | G4: Downloads | H4: QA Team | I4: Open | J4: 46182 | K4: Link returns 404 or redirects to an old page.
A5: VAL-0004 | B5: Batch_04 | C5: SharePoint | D5: https://example.com/product-page/page-004 | E5: EMPTY_TITLE | F5: Medium | G5: Product Page | H5: Migration Team | I5: In Progress | J5: 46180 | K5: Title field is empty or not migrated.
A6: VAL-0005 | B6: Batch_04 | C6: Legacy_CMS | D6: https://example.com/article-page/page-005 | E6: EMPTY_TITLE | F6: Medium | G6: Article Page | H6: Migration Team | I6: Resolved | J6: 46193 | K6: Title field is empty or not migrated.
A7: VAL-0006 | B7: Batch_01 | C7: Media_Library | D7: https://example.com/contact-page/page-006 | E7: MISSING_IMAGE | F7: Medium | G7: Contact Page | H7: Content Team | I7: Open | J7: 46183 | K7: Image asset is not available after migration.
A8: VAL-0007 | B8: Batch_02 | C8: Legacy_CMS | D8: https://example.com/search/page-007 | E8: EMPTY_TITLE | F8: Medium | G8: Search | H8: Content Team | I8: Resolved | J8: 46181 | K8: Title field is empty or not migrated.
A9: VAL-0008 | B9: Batch_01 | C9: Media_Library | D9: https://example.com/downloads/page-008 | E9: INVALID_LAYOUT | F9: Critical | G9: Downloads | H9: Migration Team | I9: Open | J9: 46194 | K9: Page layout differs from the approved template.
A10: VAL-0009 | B10: Batch_02 | C10: SharePoint | D10: https://example.com/search/page-009 | E10: EMPTY_TITLE | F10: Medium | G10: Search | H10: Content Team | I10: Open | J10: 46194 | K10: Title field is empty or not migrated.
A11: VAL-0010 | B11: Batch_04 | C11: Media_Library | D11: https://example.com/product-page/page-010 | E11: BROKEN_LINK | F11: Medium | G11: Product Page | H11: Migration Team | I11: Resolved | J11: 46196 | K11: Link returns 404 or redirects to an old page.
A12: VAL-0011 | B12: Batch_02 | C12: Legacy_CMS | D12: https://example.com/homepage/page-011 | E12: MISSING_ATTACHMENT | F12: Critical | G12: Homepage | H12: Migration Team | I12: Open | J12: 46182 | K12: Attachment exists in source but not in target system.
A13: VAL-0012 | B13: Batch_02 | C13: Media_Library | D13: https://example.com/search/page-012 | E13: BROKEN_LINK | F13: Low | G13: Search | H13: QA Team | I13: Resolved | J13: 46188 | K13: Link returns 404 or redirects to an old page.
... A91: VAL-0090 | B91: Batch_01 | C91: Legacy_CMS | D91: https://example.com/contact-page/page-090 | E91: INVALID_LAYOUT | F91: High | G91: Contact Page | H91: Migration Team | I91: Open | J91: 46189 | K91: Page layout differs from the approved template.

Sheet Summary
A1: Validation Report Analysis — Summary
A3: Total errors | B3: =COUNTA(Report_Data!A2:A91) -> 90
A4: Open errors | B4: =COUNTIF(Report_Data!I2:I91,"Open") -> 40
A5: In progress | B5: =COUNTIF(Report_Data!I2:I91,"In Progress") -> 25
A6: Resolved | B6: =COUNTIF(Report_Data!I2:I91,"Resolved") -> 25
A7: Critical + High open | B7: =COUNTIFS(Report_Data!I2:I91,"Open",Report_Data!F2:F91,"Critical")+COUNTIFS(Report_Data!I2:I91,"Open",Report_Data!F2:F91,"High") -> 19
A8: Unique components | B8: =COUNTA(_xludf.UNIQUE(Report_Data!G2:G91)) -> 1
A10: Errors by type
A11: Error_Type | B11: Count | C11: % of total
A12: BROKEN_LINK | B12: =COUNTIF(Report_Data!$E$2:$E$91,A12) -> 19 | C12: =B12/$B$3 -> 0.21111111
A13: MISSING_IMAGE | B13: =COUNTIF(Report_Data!$E$2:$E$91,A13) -> 20 | C13: =B13/$B$3 -> 0.22222222
A14: MISSING_ATTACHMENT | B14: =COUNTIF(Report_Data!$E$2:$E$91,A14) -> 15 | C14: =B14/$B$3 -> 0.16666667
A15: INVALID_LAYOUT | B15: =COUNTIF(Report_Data!$E$2:$E$91,A15) -> 14 | C15: =B15/$B$3 -> 0.15555556
A16: EMPTY_TITLE | B16: =COUNTIF(Report_Data!$E$2:$E$91,A16) -> 22 | C16: =B16/$B$3 -> 0.24444444
A19: Errors by status | D19: Errors by severity
A20: Status | B20: Count | D20: Severity | E20: Count
A21: Open | B21: =COUNTIF(Report_Data!$I$2:$I$91,A21) -> 40 | D21: Critical | E21: =COUNTIF(Report_Data!$F$2:$F$91,D21) -> 8
A22: In Progress | B22: =COUNTIF(Report_Data!$I$2:$I$91,A22) -> 25 | D22: High | E22: =COUNTIF(Report_Data!$F$2:$F$91,D22) -> 24
A23: Resolved | B23: =COUNTIF(Report_Data!$I$2:$I$91,A23) -> 25 | D23: Medium | E23: =COUNTIF(Report_Data!$F$2:$F$91,D23) -> 37
D24: Low | E24: =COUNTIF(Report_Data!$F$2:$F$91,D24) -> 21

Sheet PivotTable
A1: PivotTable — count of errors by type and severity
A3: Error_Type | B3: Critical | C3: High | D3: Medium | E3: Low | F3: Grand Total | G3: % of total
A4: BROKEN_LINK | B4: =COUNTIFS(Report_Data!$E$2:$E$91,A4,Report_Data!$F$2:$F$91,B$3) -> 0 | C4: =COUNTIFS(Report_Data!$E$2:$E$91,A4,Report_Data!$F$2:$F$91,C$3) -> 7 | D4: =COUNTIFS(Report_Data!$E$2:$E$91,A4,Report_Data!$F$2:$F$91,D$3) -> 8 | E4: =COUNTIFS(Report_Data!$E$2:$E$91,A4,Report_Data!$F$2:$F$91,E$3) -> 4 | F4: =SUM(B4:E4) -> 19 | G4: =F4/$F$9 -> 0.21111111
A5: MISSING_IMAGE | B5: =COUNTIFS(Report_Data!$E$2:$E$91,A5,Report_Data!$F$2:$F$91,B$3) -> 0 | C5: =COUNTIFS(Report_Data!$E$2:$E$91,A5,Report_Data!$F$2:$F$91,C$3) -> 4 | D5: =COUNTIFS(Report_Data!$E$2:$E$91,A5,Report_Data!$F$2:$F$91,D$3) -> 6 | E5: =COUNTIFS(Report_Data!$E$2:$E$91,A5,Report_Data!$F$2:$F$91,E$3) -> 10 | F5: =SUM(B5:E5) -> 20 | G5: =F5/$F$9 -> 0.22222222
A6: MISSING_ATTACHMENT | B6: =COUNTIFS(Report_Data!$E$2:$E$91,A6,Report_Data!$F$2:$F$91,B$3) -> 5 | C6: =COUNTIFS(Report_Data!$E$2:$E$91,A6,Report_Data!$F$2:$F$91,C$3) -> 7 | D6: =COUNTIFS(Report_Data!$E$2:$E$91,A6,Report_Data!$F$2:$F$91,D$3) -> 3 | E6: =COUNTIFS(Report_Data!$E$2:$E$91,A6,Report_Data!$F$2:$F$91,E$3) -> 0 | F6: =SUM(B6:E6) -> 15 | G6: =F6/$F$9 -> 0.16666667
A7: INVALID_LAYOUT | B7: =COUNTIFS(Report_Data!$E$2:$E$91,A7,Report_Data!$F$2:$F$91,B$3) -> 3 | C7: =COUNTIFS(Report_Data!$E$2:$E$91,A7,Report_Data!$F$2:$F$91,C$3) -> 6 | D7: =COUNTIFS(Report_Data!$E$2:$E$91,A7,Report_Data!$F$2:$F$91,D$3) -> 5 | E7: =COUNTIFS(Report_Data!$E$2:$E$91,A7,Report_Data!$F$2:$F$91,E$3) -> 0 | F7: =SUM(B7:E7) -> 14 | G7: =F7/$F$9 -> 0.15555556
A8: EMPTY_TITLE | B8: =COUNTIFS(Report_Data!$E$2:$E$91,A8,Report_Data!$F$2:$F$91,B$3) -> 0 | C8: =COUNTIFS(Report_Data!$E$2:$E$91,A8,Report_Data!$F$2:$F$91,C$3) -> 0 | D8: =COUNTIFS(Report_Data!$E$2:$E$91,A8,Report_Data!$F$2:$F$91,D$3) -> 15 | E8: =COUNTIFS(Report_Data!$E$2:$E$91,A8,Report_Data!$F$2:$F$91,E$3) -> 7 | F8: =SUM(B8:E8) -> 22 | G8: =F8/$F$9 -> 0.24444444
A9: Grand Total | B9: =SUM(B4:B8) -> 8 | C9: =SUM(C4:C8) -> 24 | D9: =SUM(D4:D8) -> 37 | E9: =SUM(E4:E8) -> 21 | F9: =SUM(F4:F8) -> 90 | G9: =1 -> 1

Sheet Filter_View
A1: Filtered validation errors
A3: Error type | B3: All | D3: Use dropdowns in B3:B5 to filter by error type, status, and severity. The formula below uses Excel FILTER; table filters are also enabled on Report_Data.
A4: Status | B4: All
A5: Severity | B5: All
A7: Validation_ID | B7: Migration_Batch | C7: Source_System | D7: Page_URL | E7: Error_Type | F7: Severity | G7: Component | H7: Owner | I7: Status | J7: Detected_On | K7: Notes
A8: {=_xlfn._xlws.FILTER(Report_Data!A2:K91,((Report_Data!E2:E91=$B$3)+($B$3="All"))*((Report_Data!I2:I91=$B$4)+($B$4="All"))*((Report_Data!F2:F91=$B$5)+($B$5="All")),"No matching errors")} -> VAL-0001 | B8: Batch_02 | C8: DAM | D8: https://example.com/gallery/page-001 | E8: INVALID_LAYOUT | F8: High | G8: Gallery | H8: Frontend Team | I8: Resolved | J8: 46177 | K8: Page layout differs from the approved template.
A9: VAL-0002 | B9: Batch_04 | C9: Legacy_CMS | D9: https://example.com/article-page/page-002 | E9: INVALID_LAYOUT | F9: Critical | G9: Article Page | H9: Content Team | I9: Open | J9: 46180 | K9: Page layout differs from the approved template.
A10: VAL-0003 | B10: Batch_04 | C10: DAM | D10: https://example.com/downloads/page-003 | E10: BROKEN_LINK | F10: Medium | G10: Downloads | H10: QA Team | I10: Open | J10: 46182 | K10: Link returns 404 or redirects to an old page.
A11: VAL-0004 | B11: Batch_04 | C11: SharePoint | D11: https://example.com/product-page/page-004 | E11: EMPTY_TITLE | F11: Medium | G11: Product Page | H11: Migration Team | I11: In Progress | J11: 46180 | K11: Title field is empty or not migrated.
A12: VAL-0005 | B12: Batch_04 | C12: Legacy_CMS | D12: https://example.com/article-page/page-005 | E12: EMPTY_TITLE | F12: Medium | G12: Article Page | H12: Migration Team | I12: Resolved | J12: 46193 | K12: Title field is empty or not migrated.
A13: VAL-0006 | B13: Batch_01 | C13: Media_Library | D13: https://example.com/contact-page/page-006 | E13: MISSING_IMAGE | F13: Medium | G13: Contact Page | H13: Content Team | I13: Open | J13: 46183 | K13: Image asset is not available after migration.
A14: VAL-0007 | B14: Batch_02 | C14: Legacy_CMS | D14: https://example.com/search/page-007 | E14: EMPTY_TITLE | F14: Medium | G14: Search | H14: Content Team | I14: Resolved | J14: 46181 | K14: Title field is empty or not migrated.
A15: VAL-0008 | B15: Batch_01 | C15: Media_Library | D15: https://example.com/downloads/page-008 | E15: INVALID_LAYOUT | F15: Critical | G15: Downloads | H15: Migration Team | I15: Open | J15: 46194 | K15: Page layout differs from the approved template.
A16: VAL-0009 | B16: Batch_02 | C16: SharePoint | D16: https://example.com/search/page-009 | E16: EMPTY_TITLE | F16: Medium | G16: Search | H16: Content Team | I16: Open | J16: 46194 | K16: Title field is empty or not migrated.
A17: VAL-0010 | B17: Batch_04 | C17: Media_Library | D17: https://example.com/product-page/page-010 | E17: BROKEN_LINK | F17: Medium | G17: Product Page | H17: Migration Team | I17: Resolved | J17: 46196 | K17: Link returns 404 or redirects to an old page.
A18: VAL-0011 | B18: Batch_02 | C18: Legacy_CMS | D18: https://example.com/homepage/page-011 | E18: MISSING_ATTACHMENT | F18: Critical | G18: Homepage | H18: Migration Team | I18: Open | J18: 46182 | K18: Attachment exists in source but not in target system.
A19: VAL-0012 | B19: Batch_02 | C19: Media_Library | D19: https://example.com/search/page-012 | E19: BROKEN_LINK | F19: Low | G19: Search | H19: QA Team | I19: Resolved | J19: 46188 | K19: Link returns 404 or redirects to an old page.
A20: VAL-0013 | B20: Batch_04 | C20: Media_Library | D20: https://example.com/gallery/page-013 | E20: BROKEN_LINK | F20: High | G20: Gallery | H20: Migration Team | I20: In Progress | J20: 46178 | K20: Link returns 404 or redirects to an old page.
... A97: VAL-0090 | B97: Batch_01 | C97: Legacy_CMS | D97: https://example.com/contact-page/page-090 | E97: INVALID_LAYOUT | F97: High | G97: Contact Page | H97: Migration Team | I97: Open | J97: 46189 | K97: Page layout differs from the approved template.

Sheet Lists
A1: Error_Type | B1: Severity | C1: Status
A2: All | B2: All | C2: All
A3: BROKEN_LINK | B3: Critical | C3: Open
A4: MISSING_IMAGE | B4: High | C4: In Progress
A5: MISSING_ATTACHMENT | B5: Medium | C5: Resolved
A6: INVALID_LAYOUT | B6: Low
A7: EMPTY_TITLE
